START SLAVE;
CREATE TABLE t1 (f1 INTEGER PRIMARY KEY) ENGINE=InnoDB;
CREATE TABLE t2 (f1 INTEGER PRIMARY KEY) ENGINE=InnoDB;
INSERT INTO t1 VALUES(1);
begin;
insert into t2 values(21);
insert into t2 values(22);
commit;
SELECT @@global.gtid_binlog_state;
@@global.gtid_binlog_state
1-1-4
INSERT INTO t1 VALUES(2);
INSERT INTO t1 VALUES(3);
SELECT @@global.gtid_binlog_state;
@@global.gtid_binlog_state
1-1-4,2-2-2
INSERT INTO t1 VALUES(4);
SELECT @@global.gtid_binlog_state;
@@global.gtid_binlog_state
1-1-4,2-2-2,2-3-3
DROP TABLE t1,t2;
STOP SLAVE;
RESET SLAVE ALL;
reset master;
reset master;
reset master;
